{
  "$schema": "https://schema.management.azure.com/schemas/2015-01-01/deploymentTemplate.json#",
  "contentVersion": "1.0.0.0",
  "parameters": {
    "containername": {
      "type": "string"
    },
    "containerimage": {
      "type": "string"
    },
    "acrServerName": {
      "type": "string"
    },
    "acrUserName": {
      "type": "string"
    },
    "acrPassword": {
      "type": "securestring"
    }
  },
  "variables": {
    "fullContainerImage": "[concat(parameters('acrServerName'), '/', parameters('containerimage'))]"
  },
  "resources": [
    {
      "name": "[parameters('containername')]",
      "type": "Microsoft.ContainerInstance/containerGroups",
      "apiVersion": "2018-04-01",
      "location": "[resourceGroup().location]",
      "properties": {
        "osType": "Linux",
        "containers": [
          {
            "name": "[parameters('containername')]",
            "properties": {
              "image": "[variables('fullContainerImage')]",
              "resources": {
                "requests": {
                  "cpu": 1,
                  "memoryInGB": 1
                }
              }
            }
          }
        ],
        "imageRegistryCredentials": [
          {
            "server": "[parameters('acrServerName')]",
            "username": "[parameters('acrUserName')]",
            "password": "[parameters('acrPassword')]"
          }
        ]
      }
    }
  ]
}